,prediction_id,cancer
0,10008_L,0.048119575
1,10008_L,0.043663234
2,10008_R,0.046536773
3,10008_R,0.04195881
